Prvi imanski šart – Amentu billahi	First pillar of Iman (faith) – Amantu billahi
Kako glasi prvi imanski šart?	What is the first pillar of Iman?
Ve melaiketihi	Wa mala’ikatihi
Amentu billahi	Amantu billahi
Ve kutubihi	Wa kutubihi
Ve rusulihi	Wa rusulihi
Šta znači „Amentu billahi“?	What does “Amantu billahi” mean?
Ja vjerujem u meleke	I believe in the angels
Ja vjerujem u Allahove knjige	I believe in Allah’s books
Ja vjerujem u Allaha, dž.š.	I believe in Allah (SWT)
Ja vjerujem u Sudnji dan	I believe in the Day of Judgement
Šta je dužnost svakog muslimana i muslimanke?	What is the duty of every Muslim man and woman?
Da vjeruje u Allaha, dž.š.	To believe in Allah (SWT)
Da bude bogat	To be rich
Da mnogo putuje	To travel a lot
Da poznaje sve jezike	To know all languages
Šta podrazumijeva vjerovanje u Allaha, dž.š.?	What does believing in Allah (SWT) mean?
Samo izgovaranje Njegovog imena	Only saying His name
Vjerovanje samo kada smo u nevolji	Believing only when we are in trouble
Vjerovanje samo u određeno vrijeme	Believing only at certain times
Srcem vjerovati, a jezikom izgovarati da nema drugog Boga osim Allaha	Believing with the heart and saying with the tongue that there is no god but Allah
Koliko Allah, dž.š., ima lijepih imena?	How many beautiful names does Allah (SWT) have?
Koje je vlastito Božije ime?	What is Allah’s own personal name?
Allah	Allah
Er-Rahman	Ar-Rahman
El-Malik	Al-Malik
Er-Rahim	Ar-Rahim
Kako možemo spoznati Allaha, dž.š.?	How can we come to know Allah (SWT)?
Samo kroz snove	Only through dreams
Samo kroz priče ljudi	Only through people’s stories
Samo posmatranjem	Only by looking around
Na osnovu Objave i proučavanjem onoga što je stvorio	Through the Revelation and by studying what He has created
U kojoj knjizi su sadržani ajeti koje trebamo iščitavati?	Which book contains the ayahs (verses) we should read and reflect on?
U Tevratu	In the Tawrat
U Kur'anu	In the Qur’an
U Zeburu	In the Zabur
U Indžilu	In the Injil
Šta u prirodi predstavlja dokaz Allahovog postojanja?	What in nature is proof that Allah exists?
Samo čovjek	Only people
Samo životinje	Only animals
Čovjek, planeta Zemlja, nebo, biljni i životinjski svijet i sve što vidimo	People, planet Earth, the sky, plants, animals and everything we see
Samo Sunce i Mjesec	Only the Sun and the Moon
Na koje se dvije skupine dijele Allahova svojstva?	Into which two groups are Allah’s attributes (sifat) divided?
Es-sifatuz-zatijje i Es-sifatus-subutijje	As-sifat adh-dhatiyyah and As-sifat ath-thubutiyyah
Farz i sunnet	Fard and Sunnah
Halal i haram	Halal and haram
Iman i islam	Iman and Islam
Šta su Es-sifatuz-zatijje?	What are As-sifat adh-dhatiyyah?
Svojstva Allahovih lijepih imana	Attributes of Allah’s beautiful names
Svojstva Allahovog savršenstva	Attributes of Allah’s perfection
Svojstva poslanika	Attributes of the messengers
Svojstva Allahovog bića	Attributes of Allah’s Being (Essence)
Šta su Es-sifatus-subutijje?	What are As-sifat ath-thubutiyyah?
Imena meleka	Names of the angels
Imena Allahovih poslanika	Names of Allah’s messengers
Kako glasi prijevod sure El-Ihlas ?	What is the meaning (translation) of Surah Al-Ikhlas?
„Reci: On je Allah jedan, Allah je utočište svakom, nije rodio i rođen nije i niko Mu ravan nije.“	“Say, ‘He is Allah, [who is] One, Allah, the Eternal Refuge. He neither begets nor is born, nor is there to Him any equivalent.’”
„Hvala Allahu, Gospodaru svjetova.“	“[All] praise is [due] to Allah, Lord of the worlds.”
„Mi smo ti, uistinu, mnogo dobro dali.“	“Indeed, We have granted you, [O Muhammad], al-Kawthar.”
„U ime Allaha, Milostivog, Samilosnog.“	“In the name of Allah, the Entirely Merciful, the Especially Merciful.”
Koji ajet je u lekciji naveden kao dokaz da nema drugog Boga osim Allaha?	Which ayah is given in the lesson as proof that there is no god but Allah?
„Mi smo ti mnogo dobro dali.“	“Indeed, We have granted you al-Kawthar.”
„Čitaj, u ime Gospodara tvoga.“	“Recite in the name of your Lord who created.”
„I znaj da nema Boga osim Allaha.“	“So know, [O Muhammad], that there is no deity except Allah.”
Šta je obećano onome ko postigne Allahovih 99 imena, prema hadisu navedenom u lekciji?	According to the hadith in the lesson, what is promised to whoever learns and preserves Allah’s 99 names?
Ući će u Džennet	They will enter Jannah (Paradise)
Nikada neće pogriješiti	They will never make a mistake
Bit će najbogatiji čovjek	They will be the richest person
Živjet će vječno na Zemlji	They will live forever on Earth
O čemu govori sura El-Ihlas?	What is Surah Al-Ikhlas about?
Samo o namazu	Only about Salah (prayer)
O postu	About fasting (sawm)
O Božijem postojanju i Njegovoj jednoći	About Allah’s existence and His Oneness
O zekatu	About Zakah
Koliko puta je Božije ime Allah dž.š.spomenuto u Kur'anu?	How many times is the name Allah (SWT) mentioned in the Qur’an?
99 puta	99 times
1.000 puta	1,000 times
2.698 puta	2,698 times
6.666 puta	6,666 times
Es-sifatuz-zatijje – Allahova svojstva bića	As-sifat adh-dhatiyyah – attributes of Allah’s Being
Koliko ima sifata ?	How many attributes (sifat) are there?
Kako se nazivaju prvih šest Allahovih svojstava?	What are the first six attributes of Allah called?
Es-sifatus-subutijje	As-sifat ath-thubutiyyah
Es-sifatuz-zatijje	As-sifat adh-dhatiyyah
Imanski šarti	Pillars of Iman
Namaski šarti	Conditions of Salah
Svojstva meleka	Attributes of the angels
Koliko svojstava pripada Es-sifatuz-zatijje?	How many attributes belong to As-sifat adh-dhatiyyah?
Četiri	Four
Pet	Five
Osam	Eight
Šest	Six
Koje svojstvo znači „Allah ima i postoji“?	Which attribute means “Allah is and exists”?
Beka	Baqa
Vudžud	Wujud
Kidem	Qidam
Vahdanijjet	Wahdaniyyah
Šta znači svojstvo VUDŽUD?	What does the attribute WUJUD mean?
Allah ima i postoji	Allah is and exists
Allah je jedan	Allah is One
Allah je zauvijek	Allah is forever (He has no end)
Allah je oduvijek	Allah has always been (He has no beginning)
Koje svojstvo znači „Allah je jedan“?	Which attribute means “Allah is One”?
Šta znači VAHDANIJJET?	What does WAHDANIYYAH mean?
Allah postoji po Sebi	Allah exists by Himself
Koje svojstvo znači „Allah je oduvijek“?	Which attribute means “Allah has always been”?
Šta znači svojstvo KIDEM?	What does the attribute QIDAM mean?
Allah je zauvjek	Allah is forever (He has no end)
Allah nikome ne sliči	Allah is not like anyone
Koje svojstvo znači „Allah je zauvijek“?	Which attribute means “Allah is forever”?
Koje svojstvo znači da Allah, dž.š., nikome i ničemu ne sliči?	Which attribute means that Allah (SWT) is not like anyone or anything?
Kijamun bi nefsihi	Qiyamun bi nafsihi
Muhalefetun lil-havadisi	Mukhalafatun lil-hawadith
Šta znači MUHALEFETUN LIL-HAVADISI?	What does MUKHALAFATUN LIL-HAWADITH mean?
Allah nikome i ničemu ne sliči	Allah is not like anyone or anything
Koje svojstvo znači „Allah sam po Sebi opstoji“?	Which attribute means “Allah exists by Himself (needs nothing)”?
Šta znači KIJAMUN BI NEFSIHI?	What does QIYAMUN BI NAFSIHI mean?
Allah sam po Sebi opstoji	Allah exists by Himself (needs nothing)
Može li ljudski razum u potpunosti shvatiti Allahova svojstva?	Can the human mind fully understand Allah’s attributes?
Može sva	Yes, all of them
Ne može	No, it cannot
Može samo ponekad	Only sometimes
Mogu samo učenjaci	Only scholars can
Kako je dozvoljeno ljudima opisivati Allaha, dž.š.?	How are people allowed to describe Allah (SWT)?
Kako god žele	However they want
Prema ljudskoj mašti	Using human imagination
Poređenjem sa stvorenjima	By comparing Him to created things
Onako kako je On Sam Sebe opisao	The way He has described Himself
Es-sifatus-subutijje – Allahova svojstva savršenstva	As-sifat ath-thubutiyyah – attributes of Allah’s perfection
Koliko ima svojstava Es-sifatus-subutijje?	How many attributes of As-sifat ath-thubutiyyah are there?
Sedam	Seven
Devet	Nine
Koje svojstvo znači da Allah živi Svojim vječnim životom?	Which attribute means that Allah lives His eternal life?
Hajat	Hayat
‘Ilm	‘Ilm
Sem‘	Sam‘
Kudret	Qudrah
Šta znači svojstvo HAJAT?	What does the attribute HAYAT mean?
Allah sve zna	Allah knows everything
Allah sve čuje	Allah hears everything
Allah sve vidi	Allah sees everything
Allah živi Svojim vječnim životom	Allah lives His eternal life
Koje svojstvo znači „Allah sve zna“?	Which attribute means “Allah knows everything”?
Kelam	Kalam
Besar	Basar
Iradet	Iradah
Šta znači svojstvo SEM‘?	What does the attribute SAM‘ mean?
Allah sve stvara	Allah creates everything
Koje svojstvo znači „Allah sve vidi“?	Which attribute means “Allah sees everything”?
Tekvin	Takwin
Šta znači svojstvo IRADET?	What does the attribute IRADAH mean?
Allah je svemoćan	Allah is All-Powerful
Allah sve čini Svojom voljom	Allah does everything by His will
Koje svojstvo znači da je Allah svemoćan?	Which attribute means that Allah is All-Powerful?
Šta znači KUDRET?	What does QUDRAH mean?
Koje svojstvo znači da Allah govori Svojim božanskim govorom?	Which attribute means that Allah speaks with His divine speech?
Šta znači svojstvo TEKVIN?	What does the attribute TAKWIN mean?
Allah sve stvara, uzdržava i rastvara	Allah creates everything, keeps it going and brings it to an end
Kakva su ljudska svojstva u odnosu na Allahova?	How are human qualities compared to Allah’s attributes?
Savršenija	More perfect
Potpuno ista	Exactly the same
Neograničena	Unlimited
Ograničena	Limited
Kako je dozvoljeno opisivati Allaha, dž.š.?	How are we allowed to describe Allah (SWT)?
Kako ga ljudi zamišljaju	The way people imagine Him
Poređenjem s čovjekom	By comparing Him to a human
Kako ko želi	However anyone wants
Kojim riječima zahvaljujemo Allahu, dž.š., na blagodatima?	With which words do we thank Allah (SWT) for His blessings?
Subhanallah	Subhanallah
El-hamdu lillah	Alhamdulillah
Allahu ekber	Allahu akbar
Estagfirullah	Astaghfirullah
Šta znači „El-hamdu lillah“ ?	What does “Alhamdulillah” mean?
Allah je najveći	Allah is the Greatest
Nema boga osim Allaha	There is no god but Allah
Hvala Allahu	All praise and thanks are for Allah
Tražim oprost od Allaha	I ask Allah for forgiveness
Drugi imanski šart – Ve melaiketihi	Second pillar of Iman – Wa mala’ikatihi
Kako glasi drugi imanski šart?	What is the second pillar of Iman?
Vel-jevmil-ahiri	Wal-yawmil-akhiri
Šta znači „Ve melaiketihi“?	What does “Wa mala’ikatihi” mean?
Vjerujem Allahove meleke	I believe in Allah’s angels
Vjerujem Allahove knjige	I believe in Allah’s books
Vjerujem Allahove poslanike	I believe in Allah’s messengers
Vjerujem u Sudnji dan	I believe in the Last Day (Day of Judgement)
Šta su meleki?	What are angels (mala’ika)?
Vidljiva ljudska bića	Visible human beings
Nevidljiva duhovna bića	Invisible spiritual beings
Poslanici	Messengers
Džini	Jinn
Od čega su stvoreni meleki?	What are angels created from?
Od zemlje	From earth (clay)
Od vode	From water
Od vatre	From fire
Od svjetlosti	From light
Kome su meleki stalno u službi i pokornosti?	Whom do the angels always serve and obey?
Allahu, dž.š.	Allah (SWT)
Ljudima	People
Poslanicima	The messengers
Džinima	The jinn
Da li meleki jedu i piju?	Do angels eat and drink?
Samo jedu	They only eat
Samo piju	They only drink
Ne jedu niti piju	They neither eat nor drink
Jedu i piju kao ljudi	They eat and drink like people
Da li meleki spavaju?	Do angels sleep?
Spavaju noću	They sleep at night
Ne spavaju	They do not sleep
Spavaju danju	They sleep during the day
Spavaju samo ponekad	They sleep only sometimes
Kojeg su roda meleki?	Are angels male or female?
Samo muškog	Only male
Samo ženskog	Only female
I muškog i ženskog	Both male and female
Nisu ni muškog ni ženskog roda	Neither male nor female
Kakvim je Allah, dž.š., stvorio meleke?	How did Allah (SWT) create the angels?
Bezgrješnim bićima	As beings without sin
Grješnim bićima	As sinful beings
Smrtnim ljudima	As mortal humans
Nepokornim bićima	As disobedient beings
Šta meleki čine Allahu, dž.š.?	What do angels do for Allah (SWT)?
Protive Mu se	They go against Him
Griješe prema Njemu	They sin against Him
Obožavaju Ga i ibadet Mu čine	They worship Him and do ibadah (worship) for Him
Zaboravljaju Njegove naredbe	They forget His commands
Kako meleki izvršavaju svoja zaduženja?	How do angels carry out their duties?
Samo kada žele	Only when they want to
Bez pogovora	Without any objection
Samo ponekad	Only sometimes
Nakon odmora	After resting
Koji melek je dostavljao Božije objave Božijim poslanicima?	Which angel delivered Allah’s revelation to Allah’s messengers?
Mikail	Mika’il
Israfil	Israfil
Azrail	Azra’il
Džibril (Džebrail)	Jibril (Jibra’il)
Za šta je zadužen melek Mikail?	What is the angel Mika’il in charge of?
Za prirodne pojave	Natural events (rain, wind, weather)
Za čuvanje Dženneta	Guarding Jannah
Za ispitivanje u kaburu	Questioning in the grave (qabr)
Za pisanje ljudskih djela	Writing down people’s deeds
Koji melek je zadužen da puhne u Sur najavi Kijametski i Sudnji dan?	Which angel will blow the Trumpet (Sur) to announce the Day of Qiyamah and the Day of Judgement?
Džibril	Jibril
Ridvan	Ridwan
Za šta su zaduženi Munkir i Nekir?	What are Munkar and Nakir in charge of?
Za ispitivanje osobe u kaburu	Questioning each person in the grave
Za dostavljanje Objave	Delivering the Revelation
Ko su Kiramun-katibun?	Who are the Kiraman Katibin?
Meleki koji čuvaju Džennet	Angels who guard Jannah
Meleki koji ispituju u kaburu	Angels who question in the grave
Meleki koji upravljaju prirodnim pojavama	Angels in charge of natural events
Meleki koji prate osobe i pišu njihova dobra i loša djela	Angels who stay with each person and write down their good and bad deeds
Šta bilježe Kiramun-katibun?	What do the Kiraman Katibin write down?
Dobra i loša djela ljudi	People’s good and bad deeds
Samo dobra djela	Only good deeds
Samo loša djela	Only bad deeds
Samo riječi	Only words
Kako se naziva melek smrti ?	What is the Angel of Death called?
Malik	Malik
Melekul-mevt (Azrail)	Malak al-Mawt (Azra’il)
Koja je dužnost Melekul-mevta (Azraila)?	What is the duty of Malak al-Mawt (Azra’il)?
Čuva Džennet	He guards Jannah
Rastavlja dušu od tijela u času smrti	He takes the soul from the body at the moment of death
Dostavlja Objavu	He delivers the Revelation
Puše u Sur	He blows the Trumpet (Sur)
Koji melek je zadužen za Džennet?	Which angel is in charge of Jannah (Paradise)?
Koji melek je čuvar Džehennema?	Which angel is the guardian of Jahannam (Hellfire)?
Jesu li meleki jedina nevidljiva bića?	Are angels the only invisible beings?
Jesu	Yes, they are
Ne znamo	We don’t know
Nisu	No, they are not
Možda	Maybe
Koja je još nevidljiva bića Allah, dž.š., stvorio?	What other invisible beings did Allah (SWT) create?
Džine i šejtane	Jinn and shaytans (devils)
Samo biljke	Only plants
Samo ljude	Only people
Kakvi mogu biti džini?	What can jinn be like?
Samo dobri	Only good
Samo loši	Only bad
Samo vjernici	Only believers
Dobri i loši, vjernici i nevjernici	Good and bad, believers and disbelievers
Kome su džini slični po potrebama i osobinama?	Who are jinn similar to in their needs and qualities?
Melekima	Angels
Biljkama	Plants
Kako se nazivaju nepokorni džini?	What are disobedient jinn called?
Meleki	Angels
Šejtani	Shaytans (devils)
Kiramun-katibun	Kiraman Katibin
Ko je vođa šejtana?	Who is the leader of the shaytans?
Iblis	Iblis
Šta šejtani donose ljudima?	What do shaytans bring to people?
Samo dobre savjete	Only good advice
Objavu	Revelation
Znanje o budućnosti	Knowledge of the future
Loše misli i navode ih da čine loša djela	Bad thoughts, and they lead them to do bad deeds
Kojim riječima tražimo Allahovu zaštitu od prokletog šejtana?	With which words do we seek Allah’s protection from the accursed Shaytan?
E'uzu billahi mineš-šejtanir-radžim	A’udhu billahi minash-shaytanir-rajim
El-hamdu lillahi rabbil-alemin	Alhamdu lillahi rabbil-’alamin
Subhane rabbijel-azim	Subhana rabbiyal-’azim
Šta znači „E'uzu billahi mineš-šejtanir-radžim“?	What does “A’udhu billahi minash-shaytanir-rajim” mean?
Hvala Allahu, Gospodaru svjetova	All praise is for Allah, Lord of the worlds
Tražim Allahovu zaštitu od prokletog šejtana	I seek Allah’s protection from the accursed Shaytan
Treći imanski šart – Ve kutubihi	Third pillar of Iman – Wa kutubihi
Kako glasi treći imanski šart?	What is the third pillar of Iman?
Šta znači „Ve kutubihi“?	What does “Wa kutubihi” mean?
Vjerujem u Allahove knjige	I believe in Allah’s books (kutub)
Vjerujem u meleke	I believe in the angels
Vjerujem u poslanike	I believe in the messengers
Šta su Allahove knjige?	What are Allah’s books?
Knjige koje su pisali učenjaci	Books written by scholars
Historijske knjige	History books
Objave koje je Uzvišeni Allah slao Svojim poslanicima	Revelations that Allah the Exalted sent to His messengers
Knjige koje su pisali meleki	Books written by angels
Preko kojeg meleka je Allah slao objave Svojim poslanicima?	Through which angel did Allah send revelation to His messengers?
Mikaila	Mika’il
Israfila	Israfil
Azraila	Azra’il
Džibrila	Jibril
Šta je sadržano u Allahovim knjigama?	What is in Allah’s books?
Upute, savjeti i propisi o životu i radu ljudi	Guidance, advice and rules for how people should live and act
Samo priče o prošlosti	Only stories about the past
Samo dove	Only duas (supplications)
Samo podaci o poslanicima	Only facts about the messengers
Kako se dijele Allahove knjige?	How are Allah’s books divided?
Na sure i ajete	Into surahs and ayahs
Na velike – kitabe i male – suhufe	Into large ones – kutub (books) – and small ones – suhuf (scrolls)
Na farzove i sunnete	Into fard and Sunnah
Na mekanske i medinske	Into Makkan and Madinan
Koliko ima velikih Allahovih knjiga ?	How many large books of Allah are there?
Dvije	Two
Tri	Three
Koje su četiri velike Allahove knjige?	What are the four large books of Allah?
Kur'an, hadis, sunnet i suhufi	Qur’an, hadith, Sunnah and suhuf
Tevrat, Kur'an, hadis i sunnet	Tawrat, Qur’an, hadith and Sunnah
Zebur, Indžil, Kur'an i suhufi	Zabur, Injil, Qur’an and suhuf
Tevrat, Zebur, Indžil i Kur'an	Tawrat, Zabur, Injil and Qur’an
Kome je objavljen Tevrat?	To whom was the Tawrat revealed?
Musau, a.s.	Musa (AS)
Davudu, a.s.	Dawud (AS)
Isau, a.s.	Isa (AS)
Muhammedu, a.s.	Muhammad (SAW)
Kome je objavljen Zebur?	To whom was the Zabur revealed?
Ibrahimu, a.s.	Ibrahim (AS)
Kome je objavljen Indžil?	To whom was the Injil revealed?
Kome je objavljen Kur'an?	To whom was the Qur’an revealed?
Šta su suhufi?	What are the suhuf?
Male Allahove objave	Small revelations (scrolls) from Allah
Velike Allahove knjige	Large books of Allah
Kur'anske sure	Surahs of the Qur’an
Hadiske zbirke	Hadith collections
Koliko je suhufa objavljeno Šitu, a.s.?	How many suhuf were revealed to Shith (AS)?
Koliko je suhufa objavljeno Idrisu, a.s.?	How many suhuf were revealed to Idris (AS)?
Koliko je suhufa objavljeno Ibrahimu, a.s.?	How many suhuf were revealed to Ibrahim (AS)?
Koliko je suhufa objavljeno Musau, a.s., prije Tevrata?	How many suhuf were revealed to Musa (AS) before the Tawrat?
Koja je posljednja Allahova objava?	What is Allah’s last revelation?
Tevrat	Tawrat
Kur'an	Qur’an
Zebur	Zabur
Indžil	Injil
Kome je objavljena posljednja Allahova objava?	To whom was Allah’s last revelation revealed?
Kada je započela objava Kur'ana?	When did the revelation of the Qur’an begin?
U mjesecu muharremu	In the month of Muharram
Na dan Bajrama	On the day of Eid
U mjesecu ševvalu	In the month of Shawwal
U noći Lejletul-kadr u mjesecu ramazanu	On the night of Laylatul-Qadr in the month of Ramadan
Koje godine je započela objava Kur'ana?	In which year did the revelation of the Qur’an begin?
610. godine	In 610
622. godine	In 622
632. godine	In 632
570. godine	In 570
Gdje je započela objava Kur'ana?	Where did the revelation of the Qur’an begin?
U Medini	In Madinah
U pećini Hira na brdu Nur	In the cave of Hira on the Mountain of Light (Jabal an-Nur)
Na Arefatu	On Arafat
U Jerusalemu	In Jerusalem
Koliko je godina trajalo objavljivanje Kur'ana?	For how many years was the Qur’an being revealed?
10 godina	10 years
13 godina	13 years
23 godine	23 years
30 godina	30 years
Koliko je godina Kur'an objavljivan u Mekki?	For how many years was the Qur’an revealed in Makkah?
15 godina	15 years
Koliko je godina Kur'an objavljivan u Medini?	For how many years was the Qur’an revealed in Madinah?
20 godina	20 years
Koliko Kur'an sadrži sura?	How many surahs does the Qur’an have?
Koliko ajeta Kur'an sadrži ?	How many ayahs does the Qur’an have?
6.236	6,236
6.666	6,666
6.236 ajeta	6,236 ayahs
114 ajeta	114 ayahs
Na koliko džuzova je podijeljen Kur'an?	Into how many juz’ (parts) is the Qur’an divided?
Šta znači riječ „ajet“?	What does the word “ayah” mean?
Poglavlje	Chapter
Rečenica	Sentence (verse)
Dio od 20 stranica	A part of 20 pages
Knjiga	Book
Šta znači riječ „džuz“?	What does the word “juz’” mean?
Jedan ajet	One ayah
Jedna sura	One surah
Dio Kur'ana od približno 20 stranica	A part of the Qur’an of about 20 pages
Prva stranica Kur'ana	The first page of the Qur’an
Šta znači riječ „sura“?	What does the word “surah” mean?
Poglavlje u Kur'anu	A chapter of the Qur’an
Jedna riječ u Kur'anu	One word in the Qur’an
Polovina Kur'ana	Half of the Qur’an
Dova poslije namaza	A dua after Salah
Šta znači riječ „harf“?	What does the word “harf” mean?
Ajet	Ayah
Slovo	Letter
Džuz	Juz’
Na koliko je džuzova podijeljen Kur'an?	How many juz’ is the Qur’an divided into?
Koliko približno stranica obuhvata jedan džuz?	About how many pages does one juz’ have?
20 stranica	20 pages
10 stranica	10 pages
30 stranica	30 pages
50 stranica	50 pages
Četvrti imanski šart – Ve rusulihi	Fourth pillar of Iman – Wa rusulihi
Kako glasi četvrti imanski šart?	What is the fourth pillar of Iman?
Šta znači „Ve rusulihi“?	What does “Wa rusulihi” mean?
Vjerujem u Allahove poslanike	I believe in Allah’s messengers
Ko su Allahovi poslanici?	Who are Allah’s messengers?
Svi dobri ljudi	All good people
Svi učenjaci	All scholars
Odabrani ljudi kojima je Allah, dž.š., slao Svoje objave	Chosen people to whom Allah (SWT) sent His revelation
Meleki koji prenose Objavu	Angels who carry the Revelation
Vjerovati Božije poslanike	To believe in Allah’s messengers
Poznavati sva zanimanja poslanika	To know all the jobs of the messengers
Znati gdje je svaki poslanik živio	To know where every messenger lived
Znati godinu rođenja svakog poslanika	To know the year every messenger was born
Ko je bio prvi čovjek na Zemlji?	Who was the first human on Earth?
Nuh, a.s.	Nuh (AS)
Adem, a.s.	Adam (AS)
Ibrahim, a.s.	Ibrahim (AS)
Musa, a.s.	Musa (AS)
Ko je bio prvi Božiji poslanik?	Who was Allah’s first messenger?
Muhammed, a.s.	Muhammad (SAW)
Šta je Allah, dž.š., preko Adema, a.s., poučio ostale ljude?	What did Allah (SWT) teach other people through Adam (AS)?
Samo kako da rade	Only how to work
Samo kako da grade kuće	Only how to build houses
Samo kako da pišu	Only how to write
Kako da žive na ovome svijetu	How to live in this world
Koji su zadatak imali poslanici poslije Adema, a.s.?	What was the task of the messengers after Adam (AS)?
Da prenose Allahove objave	To pass on Allah’s revelation
Da osnivaju države	To found countries
Da grade dvorce	To build palaces
Da uče ljude zanatima	To teach people crafts
Na šta su poslanici pozivali ljude?	What did the messengers call people to?
Samo na rad	Only to work
Na dobro	To goodness
Na bogatstvo	To wealth
Na putovanja	To travel
Od čega su poslanici odvraćali ljude?	What did the messengers warn people away from?
Od učenja	From learning
Od rada	From work
Od zla	From evil
Od putovanja	From travel
Koliko je približno bilo Božijih poslanika prema predajama ?	According to the narrations, about how many prophets did Allah send?
1.000	1,000
Preko 124 hiljade	Over 124,000
Koliko se poslanika poimenično spominje u Kur'anu?	How many prophets are mentioned by name in the Qur’an?
Ko su najodabraniji Božiji poslanici ?	Who are Allah’s most chosen messengers?
Adem, Idris, Hud, Salih i Lut	Adam, Idris, Hud, Salih and Lut
Nuh, Ibrahim, Musa, Isa i Muhammed, a.s.	Nuh, Ibrahim, Musa, Isa and Muhammad (peace be upon them)
Davud, Sulejman, Junus, Jahja i Zekerija	Dawud, Sulayman, Yunus, Yahya and Zakariyya
Ishak, Ismail, Jakub, Jusuf i Harun	Ishaq, Isma’il, Yaqub, Yusuf and Harun
Kako se nazivaju najodabraniji poslanici?	What are the most chosen messengers called?
Ensarije	Ansar
Muhadžiri	Muhajirun
Ulul-azm	Ulul-’azm
Ashabi	Sahabah
Šta iz Kur'ana saznajemo o narodima i poslanicima?	What do we learn from the Qur’an about nations and messengers?
Samo neki narodi su imali poslanike	Only some nations had messengers
Poslanici su dolazili samo Arapima	Messengers came only to the Arabs
Poslanici su dolazili samo velikim narodima	Messengers came only to big nations
Svaki narod imao je svoga poslanika	Every nation had its own messenger
Čime su se, osim poslanstva, bavili Božiji poslanici?	Besides being messengers, what else did Allah’s messengers do?
Živjeli su skromno od svoga rada i truda	They lived simply from their own work and effort
Nisu nikada radili	They never worked
Živjeli su samo od poklona	They lived only on gifts
Svi su bili vladari	They were all kings
Čime se Muhammed, a.s., bavio kao dječak?	What work did Muhammad (SAW) do as a boy?
Bio je krojač	He was a tailor
Bio je pastir, a kasnije trgovac	He was a shepherd, and later a merchant
Bio je tesar	He was a carpenter
Pravio je pancire	He made armour
Koji poslanik je pravio pancire?	Which prophet made armour?
Sulejman, a.s.	Sulayman (AS)
Idris, a.s.	Idris (AS)
Davud, a.s.	Dawud (AS)
Isa, a.s.	Isa (AS)
Čime se bavio Sulejman, a.s.?	What work did Sulayman (AS) do?
Bio je pastir	He was a shepherd
Gradio je razne građevine	He built many kinds of buildings
Koji poslanik je bio tesar?	Which prophet was a carpenter?
Koji poslanik je bio krojač?	Which prophet was a tailor?
Ismail, a.s.	Isma’il (AS)
Zekerija, a.s.	Zakariyya (AS)
Ko je bio otac Ismailu, a.s., i Ishaku, a.s.?	Who was the father of Isma’il (AS) and Ishaq (AS)?
Jakub, a.s.	Yaqub (AS)
U kakvom su srodstvu bili Ibrahim, a.s., i Lut, a.s.?	How were Ibrahim (AS) and Lut (AS) related?
Bili su braća	They were brothers
Bili su otac i sin	They were father and son
Bili su amidžići	They were cousins
Ibrahim, a.s., bio je amidža Lutu, a.s.	Ibrahim (AS) was Lut’s (AS) uncle (father’s brother)
Ko je bio otac Jakubu, a.s.?	Who was the father of Yaqub (AS)?
Ishak, a.s.	Ishaq (AS)
Jusuf, a.s.	Yusuf (AS)
Ko je bio otac Jusufu, a.s.?	Who was the father of Yusuf (AS)?
Ko je bio otac Jahjau, a.s.?	Who was the father of Yahya (AS)?
Harun, a.s.	Harun (AS)
Ko je bio otac Sulejmanu, a.s.?	Who was the father of Sulayman (AS)?
U kakvom su srodstvu bili Musa, a.s., i Harun, a.s.?	How were Musa (AS) and Harun (AS) related?
Bili su amidža i bratić	They were uncle and nephew
Nisu bili u srodstvu	They were not related
Koja dva poslanika su bili amidžići?	Which two prophets were cousins?
Musa, a.s., i Harun, a.s.	Musa (AS) and Harun (AS)
Jahja, a.s., i Isa, a.s.	Yahya (AS) and Isa (AS)
Davud, a.s., i Sulejman, a.s.	Dawud (AS) and Sulayman (AS)
Ismail, a.s., i Ishak, a.s.	Isma’il (AS) and Ishaq (AS)
Muhammed, a.s. – posljednji i najodabraniji Allahov poslanik	Muhammad (SAW) – Allah’s last and most chosen messenger
Ko je posljednji Allahov poslanik?	Who is Allah’s last messenger?
Ko je  najodabraniji Allahov poslanik?	Who is Allah’s most chosen messenger?
Kako se zvao otac Muhammeda, a.s.?	What was the name of the father of Muhammad (SAW)?
Ebu Talib	Abu Talib
Abdulmuttalib	Abdul-Muttalib
Hamza	Hamzah
Abdullah	Abdullah
Kako se zvala majka Muhammeda, a.s.?	What was the name of the mother of Muhammad (SAW)?
Hatidža	Khadijah
Amina	Aminah
Halima	Halimah
Fatima	Fatimah
Kada je umro otac Muhammeda, a.s.?	When did the father of Muhammad (SAW) die?
Dva mjeseca prije njegovog rođenja	Two months before he was born
Kada je Muhammed, a.s., imao dvije godine	When Muhammad (SAW) was two years old
Kada je imao šest godina	When he was six years old
Nakon početka Objave	After the Revelation began
Koliko je godina imao Muhammed, a.s., kada mu je umrla majka?	How old was Muhammad (SAW) when his mother died?
Četiri godine	Four years old
Pet godina	Five years old
Šest godina	Six years old
Osam godina	Eight years old
Ko je preuzeo brigu o Muhammedu, a.s., nakon smrti njegove majke?	Who took care of Muhammad (SAW) after his mother died?
Amidža Hamza	His uncle Hamzah
Djed Abdulmuttalib	His grandfather Abdul-Muttalib
Ebu Bekr	Abu Bakr
Omer	Umar
Ko je preuzeo brigu o Muhammedu, a.s., nakon smrti njegovog djeda?	Who took care of Muhammad (SAW) after his grandfather died?
Abbas	Abbas
Koliko je godina imao Muhammed, a.s., kada se oženio Hatidžom?	How old was Muhammad (SAW) when he married Khadijah?
25 godina	25 years old
40 godina	40 years old
Kako se zvala supruga kojom se Muhammed, a.s., oženio sa 25 godina?	What was the name of the wife Muhammad (SAW) married at 25?
Sevda	Sawdah
Aiša	Aishah
Hafsa	Hafsah
Kakvom ženom lekcija opisuje Hatidžu?	How does the lesson describe Khadijah?
Siromašnom trgovkinjom	As a poor merchant
Uglednom udovicom	As a respected widow
Učiteljicom	As a teacher
Vladaricom	As a queen
U kojoj godini života je Muhammed, a.s., postao poslanik?	At what age did Muhammad (SAW) become a messenger?
U 25.	At 25
U 30.	At 30
U 35.	At 35
U 40. godini života	At the age of 40
Šta je počelo kada je Muhammed, a.s., postao poslanik?	What began when Muhammad (SAW) became a messenger?
Objavljivanje Kur'ana	The revelation of the Qur’an
Gradnja Kabe	The building of the Ka’bah
Hidžra	The Hijrah
Osvajanje Mekke	The conquest of Makkah
Koliko je godina Muhammed, a.s., tajno pozivao u islam?	For how many years did Muhammad (SAW) invite people to Islam in secret?
Jednu godinu	One year
Dvije godine	Two years
Tri godine	Three years
Deset godina	Ten years
Kako je Muhammed, a.s., pozivao u islam na početku svoje poslaničke misije?	How did Muhammad (SAW) invite people to Islam at the start of his mission?
Samo javno	Only openly
Tajno	In secret
Samo izvan Mekke	Only outside Makkah
Samo pisanim putem	Only in writing
Kako je Muhammed, a.s., pozivao u islam nakon početnog perioda tajnog pozivanja?	How did Muhammad (SAW) invite people to Islam after the first secret period?
Prestao je pozivati	He stopped inviting
Samo svoju porodicu	Only his family
Samo noću	Only at night
Javno	Openly
Koliko je godina od početka Objave Muhammed, a.s., učinio Hidžru?	In which year after the Revelation began did Muhammad (SAW) make the Hijrah?
Trinaeste godine	In the thirteenth year
Treće godine	In the third year
Desete godine	In the tenth year
Dvadesete godine	In the twentieth year
Šta je Hidžra?	What is the Hijrah?
Početak Objave	The beginning of the Revelation
Rođenje Muhammeda, a.s.	The birth of Muhammad (SAW)
Preseljenje iz Mekke u Medinu	The migration from Makkah to Madinah
Povratak iz Medine u Mekku	The return from Madinah to Makkah
Odakle je Muhammed, a.s., učinio Hidžru?	From where did Muhammad (SAW) make the Hijrah?
Iz Medine	From Madinah
Iz Mekke	From Makkah
Iz Jerusalema	From Jerusalem
Iz Taifa	From Ta’if
Gdje se Muhammed, a.s., preselio prilikom Hidžre?	Where did Muhammad (SAW) move to in the Hijrah?
U Mekku	To Makkah
U Taif	To Ta’if
U Jerusalem	To Jerusalem
U Medinu	To Madinah
Koje godine je Muhammed, a.s., preselio na ahiret?	In which year did Muhammad (SAW) pass away to the Akhirah?
571. godine	In 571
U kojoj godini života je Muhammed, a.s., preselio na ahiret?	At what age did Muhammad (SAW) pass away?
U 40.	At 40
U 60.	At 60
U 63.	At 63
U 70. godini	At the age of 70
Koje godine su navedene uz život Muhammeda, a.s., ?	Which years are given for the life of Muhammad (SAW)?
570–630.	570–630
571–632.	571–632
610–632.	610–632
622–632.	622–632
Ko je bio djed Muhammeda, a.s.?	Who was the grandfather of Muhammad (SAW)?
U kakvom je srodstvu Ebu Talib bio s Muhammedom, a.s.?	How was Abu Talib related to Muhammad (SAW)?
Bio mu je otac	He was his father
Bio mu je djed	He was his grandfather
Bio mu je amidža	He was his uncle (father’s brother)
Bio mu je sin	He was his son
Ko je brinuo o Muhammedu, a.s., poslije smrti Abdulmuttaliba?	Who looked after Muhammad (SAW) after Abdul-Muttalib died?
Koliko je približno godina prošlo od početka Objave do preseljenja Muhammeda, a.s., na ahiret?	About how many years passed from the start of the Revelation until Muhammad (SAW) passed away?
Oko 23 godine	About 23 years
Koji je pravilan redoslijed događaja iz života Muhammeda, a.s.?	What is the correct order of events in the life of Muhammad (SAW)?
Hidžra → ženidba Hatidžom → početak Objave → preseljenje na ahiret	Hijrah → marrying Khadijah → start of the Revelation → passing away
Početak Objave → ženidba Hatidžom → Hidžra → preseljenje na ahiret	Start of the Revelation → marrying Khadijah → Hijrah → passing away
Ženidba Hatidžom → početak Objave → Hidžra → preseljenje na ahiret	Marrying Khadijah → start of the Revelation → Hijrah → passing away
Ženidba Hatidžom → Hidžra → početak Objave → preseljenje na ahiret	Marrying Khadijah → Hijrah → start of the Revelation → passing away
Peti imanski šart – Vel-jevmil ahiri	Fifth pillar of Iman – Wal-yawmil-akhiri
Kako glasi peti imanski šart?	What is the fifth pillar of Iman?
Vel-jevmil ahiri	Wal-yawmil-akhiri
Šta znači „Vel-jevmil ahiri“?	What does “Wal-yawmil-akhiri” mean?
Šta je dužnost muslimana nakon vjerovanja u Allaha, meleke, knjige i poslanike?	After believing in Allah, the angels, the books and the messengers, what is a Muslim’s duty?
Vjerovati samo u ovaj svijet	To believe only in this world
Vjerovati u Sudnji dan	To believe in the Day of Judgement
Vjerovati samo u meleke	To believe only in the angels
Vjerovati samo u poslanike	To believe only in the messengers
Koja se dva imanska šarta najčešće spominju zajedno u Kur'anu?	Which two pillars of Iman are most often mentioned together in the Qur’an?
Vjerovanje u meleke i knjige	Belief in the angels and the books
Vjerovanje u knjige i poslanike	Belief in the books and the messengers
Vjerovanje u meleke i poslanike	Belief in the angels and the messengers
Vjerovanje u Allaha i Sudnji dan	Belief in Allah and the Last Day
Kako se zove ovaj svijet na kojem sada živimo?	What is this world we live in now called?
Ahiret	Akhirah
Berzah	Barzakh
Dunjaluk	Dunya
Džennet	Jannah
Kako se naziva budući svijet?	What is the next world (the Hereafter) called?
Kijamet	Qiyamah
Kakav je dunjaluk?	What is the dunya (this world) like?
Vječan	Everlasting
Beskrajan	Endless
Neprolazan	Never-ending
Prolazan	Temporary (it will pass)
Kakav je budući svijet – ahiret?	What is the next world – the Akhirah – like?
Kratak	Short
Privremen	Temporary
Čime završavamo dunjalučki život?	How does our life in this world end?
Rođenjem	With birth
Proživljenjem	With resurrection
Smrću	With death
Sudnjim danom	With the Day of Judgement
Da li je smrt kraj života?	Is death the end of life?
Jeste, zauvijek	Yes, forever
Nije, nego je promjena načina života	No, it is a change to a different kind of life
Jeste za vjernike	Yes, for believers
Jeste za sve ljude osim poslanika	Yes, for everyone except the messengers
Šta će se dogoditi ljudima na budućem svijetu?	What will happen to people in the next world?
Ponovo će živjeti na dunjaluku	They will live in this world again
Nikada neće biti proživljeni	They will never be brought back to life
Samo će neki biti proživljeni	Only some will be brought back to life
Bit će proživljeni i nakon toga će živjeti vječno	They will be brought back to life and then live forever
Šta prethodi Sudnjem danu?	What comes before the Day of Judgement?
Smrt i boravak u Berzahu	Death and staying in the Barzakh
Samo rođenje	Only birth
Samo život na dunjaluku	Only life in this world
Samo Hidžra	Only the Hijrah
Šta je Berzah ?	What is the Barzakh?
Džehennem	Jahannam
Zagrobni život	The life in the grave (between death and the Day of Judgement)
Ovaj svijet	This world
Ko će prvi put puhnuti u Sur?	Who will blow the Trumpet (Sur) the first time?
Šta slijedi nakon Israfilovog prvog puhanja u Sur?	What happens after Israfil blows the Trumpet the first time?
Rođenje svih ljudi	All people are born
Ulazak svih u Džennet	Everyone enters Jannah
Propast ovoga svijeta	This world is destroyed
Šta slijedi nakon Israfilovog drugog puhanja u Sur?	What happens after Israfil blows the Trumpet the second time?
Proživljenje	Resurrection (everyone is brought back to life)
Smrt svih ljudi	All people die
Početak dunjaluka	The world begins
Gdje će se ljudi okupiti nakon proživljenja?	Where will people gather after the resurrection?
U svojim kućama	In their houses
U kaburima	In their graves
Na mjestu konačnog suda	At the place of the final judgement
U Mekki	In Makkah
Šta će ljudima biti podijeljeno na Sudnjem danu?	What will people be given on the Day of Judgement?
Bogatstvo	Wealth
Knjige u kojima su ispisana njihova dobra i loša djela	Books with their good and bad deeds written in them
Hrana i piće	Food and drink
Odjeća	Clothes
Ko će suditi ljudima na Sudnjem danu?	Who will judge people on the Day of Judgement?
Ljudi jedni drugima	People will judge each other
Allah, dž.š.	Allah (SWT)
Na osnovu čega će Allah, dž.š., suditi ljudima?	On what basis will Allah (SWT) judge people?
Na osnovu njihovih dobrih i loših djela	Their good and bad deeds
Na osnovu njihovog bogatstva	Their wealth
Na osnovu njihovog izgleda	Their looks
Na osnovu njihovog porijekla	Their family background
Ko će polagati račun pred Allahom, dž.š.?	Who will have to answer for their deeds before Allah (SWT)?
Samo poslanici	Only the messengers
Samo nevjernici	Only disbelievers
Svaka osoba pojedinačno	Every single person
Samo bogati ljudi	Only rich people
Gdje će biti stavljena čovjekova djela?	Where will a person’s deeds be placed?
U knjigu bez mjerenja	In a book, without weighing
Na vagu	On the Scale (Mizan)
U kabur	In the grave
Na Zemlju	On the Earth
Šta će se dogoditi onome kod koga pretegnu dobra djela?	What will happen to someone whose good deeds are heavier?
Vratit će se na dunjaluk	They will go back to this world
Neće mu se suditi	They will not be judged
Ostat će u Berzahu	They will stay in the Barzakh
Allah će ga nagraditi i njegovo mjesto će, Allahovom milošću, biti u Džennetu	Allah will reward them, and by Allah’s mercy their place will be in Jannah
Šta će se dogoditi onome kod koga pretegnu loša djela?	What will happen to someone whose bad deeds are heavier?
Bit će kažnjen, a njegovo mjesto bit će u Džehennemu	They will be punished, and their place will be in Jahannam
Odmah će se vratiti na dunjaluk	They will go straight back to this world
Neće polagati račun	They will not have to answer for anything
Njegova djela neće biti mjerena	Their deeds will not be weighed
Šta će se, prema lekciji, na kraju dogoditi vjernicima koji budu kažnjeni?	According to the lesson, what will happen in the end to believers who are punished?
Ostat će zauvijek na dunjaluku	They will stay in this world forever
Ponovo će biti proživljeni	They will be resurrected again
Allahovom milošću bit će izvedeni iz Džehennema	By Allah’s mercy they will be taken out of Jahannam
Neće biti izvedeni	They will never be taken out
Ko zapisuje naša dobra i loša djela tokom života na dunjaluku?	Who writes down our good and bad deeds during our life in this world?
Ljudi	People
Šta će čovjek vidjeti ako bude uradio koliko trun dobra?	If a person does even an atom’s weight of good, what will they see?
Njegovo djelo će biti zaboravljeno	Their deed will be forgotten
Vidjet će samo dio toga	They will see only part of it
Neće vidjeti ništa	They will see nothing
Vidjet će ga	They will see it
Šta će čovjek vidjeti ako bude uradio koliko trun zla?	If a person does even an atom’s weight of evil, what will they see?
Zlo će uvijek biti izbrisano bez odgovornosti	The evil will always be erased with no consequences
Neće ga vidjeti	They will not see it
Vidjet će samo dobra djela	They will see only good deeds
Koji je pravilan redoslijed događaja navedenih u lekciji?	What is the correct order of the events in the lesson?
Proživljenje → smrt → Berzah → prvo puhanje u Sur	Resurrection → death → Barzakh → first blowing of the Trumpet
Sud → smrt → proživljenje → Berzah	Judgement → death → resurrection → Barzakh
Smrt i Berzah → prvo puhanje u Sur i propast svijeta → drugo puhanje i proživljenje → okupljanje i konačni sud	Death and Barzakh → first blowing of the Trumpet and the end of the world → second blowing and resurrection → gathering and final judgement
Okupljanje → dunjaluk → smrt → proživljenje	Gathering → this world → death → resurrection
Šesti imanski šart – Vjerovanje u Allahovo određenje	Sixth pillar of Iman – Belief in Allah’s decree (qadar)
Kako glasi šesti imanski šart?	What is the sixth pillar of Iman?
Ve bil-kaderi hajrihi ve šerrihi minellahi te'ala	Wal-qadari khayrihi wa sharrihi minallahi ta’ala
Šta znači šesti imanski šart?	What does the sixth pillar of Iman mean?
Vjerujem da sve što se događa biva s Allahovom voljom i određenjem	I believe that everything that happens is by Allah’s will and decree
Vjerujem samo u Sudnji dan	I believe only in the Day of Judgement
Vjerujem samo u Allahove knjige	I believe only in Allah’s books
Vjerujem samo u meleke	I believe only in the angels
Ko je Stvoritelj svega?	Who is the Creator of everything?
Čovjek	Humans
Kako treba razumjeti Allahovo određenje?	How should we understand Allah’s decree?
Čovjek određuje sve što će se dogoditi	People decide everything that will happen
Ništa nije određeno	Nothing is decreed
Meleki određuju budućnost	Angels decide the future
Allah određuje kako, kada, gdje i šta će se dogoditi	Allah decrees how, when, where and what will happen
Gdje je sve davno zapisano šta će se dogoditi?	Where was everything that will happen written down long ago?
U Levhi-mahfuzu	In al-Lawh al-Mahfuz
U ljudskim knjigama	In people’s books
U hadisima	In the hadiths
U kalendaru	In a calendar
Da li se nešto dešava mimo Allahovog određenja?	Does anything happen outside Allah’s decree?
Da, veoma često	Yes, very often
Ne	No
Samo ono što čovjek izabere	Only what a person chooses
Šta je Levhi-mahfuz?	What is al-Lawh al-Mahfuz?
Jedna sura u Kur'anu	A surah in the Qur’an
Knjiga koju pišu ljudi	A book written by people
Mjesto na Zemlji	A place on Earth
Ploča pomno čuvana	The Preserved Tablet
Šta je zapisano u Levhi-mahfuzu?	What is written in al-Lawh al-Mahfuz?
Sve što se dešava na nebesima i Zemlji	Everything that happens in the heavens and on Earth
Samo ljudska dobra djela	Only people’s good deeds
Samo događaji na Zemlji	Only events on Earth
Samo imena poslanika	Only the names of the messengers
Šta je čovjeku određeno prije njegovog rođenja?	What is decreed for a person before they are born?
Samo njegovo ime	Only their name
Samo mjesto rođenja	Only their place of birth
Kada i gdje će se roditi, ko će mu biti roditelji, kojeg će spola biti, njegova sudbina, nafaka te kada i gdje će umrijeti	When and where they will be born, who their parents will be, whether they will be a boy or a girl, their destiny, their provision (rizq), and when and where they will die
Samo zanimanje	Only their job
Za šta je čovjek odgovoran?	What is a person responsible for?
Za ono što nije mogao birati	For things they could not choose
Za izbor djela koja čini	For the deeds they choose to do
Za mjesto svog rođenja	For their place of birth
Za to ko su mu roditelji	For who their parents are
Da li čovjek ima slobodu izbora?	Does a person have free choice?
Nema nikakvu slobodu	No freedom at all
Samo u djetinjstvu	Only in childhood
Samo u nekim nevažnim stvarima	Only in some unimportant things
Da, slobodan je da bira kako će postupati	Yes, they are free to choose how to act
Zašto je čovjek odgovoran za svoja djela?	Why is a person responsible for their deeds?
Zato što ima slobodnu volju i mogućnost izbora	Because they have free will and the ability to choose
Zato što zna budućnost	Because they know the future
Zato što sam određuje sudbinu	Because they decide their own destiny
Zato što zna šta je zapisano u Levhi-mahfuzu	Because they know what is written in al-Lawh al-Mahfuz
Za koja će svoja djela čovjek odgovarati?	For which of their deeds will a person be held responsible?
Samo za dobra djela	Only for good deeds
Samo za loša djela	Only for bad deeds
Za sva svoja djela na ovom  svijetu	For all their deeds in this world
Ni za jedno djelo	For no deeds at all
